Day	Phase	Topic	Problem Title	Problem Statement (Do this today)	Key Concepts	Deliverable	Status	Time Spent (mins)	Difficulty	Confidence (1-5)	Notes / What I learned	Next Action
1	Phase 1: Python Fluency (Core)	Setup + Types	Environment Snapshot CLI (no args)	Write a script that prints a 6-line “environment snapshot”: 1) python_version  2) platform  3) cwd  4) has_env_APP_ENV  5) has_env_AWS_REGION  6) timestamp_utc. Rules: must not crash if env vars missing; do not hardcode values; output keys aligned like `key=value`.	control flow, strings, lists, dicts, functions, validation	01_core_python/day001_env_snapshot.py	Not started		Easy			
2	Phase 1: Python Fluency (Core)	Conditionals	HTTP Status Classifier	Implement function classify_http(code:int)->str with these outputs: - HEALTHY for 200–299 - DEGRADED for 300–499 - DOWN for 500–599 - INVALID otherwise Write a main() that reads codes from a list [200, 204, 301, 404, 500, 700] and prints `code -> label`.	control flow, strings, lists, dicts, functions, validation	01_core_python/day002_http_classifier.py	Not started		Easy			
3	Phase 1: Python Fluency (Core)	Loops (for)	Retry Simulator (deterministic)	Implement retry(operation, max_attempts=3) -> (success:bool, attempts:int). `operation()` returns True/False. Call it up to max_attempts times and stop early on success. Validation: max_attempts must be >0 else raise ValueError. Demo: implement operation() that succeeds on the 3rd call (deterministic), show output.	control flow, strings, lists, dicts, functions, validation	01_core_python/day003_retry.py	Not started		Easy			
4	Phase 1: Python Fluency (Core)	Loops (while)	Wait Until Ready (timeout)	Implement wait_until_ready(check_fn, timeout_s=3.0, interval_s=0.5) -> str. Return 'READY' if check_fn() becomes True within timeout, else 'TIMEOUT'. Rules: use time.time() for elapsed time; interval_s must be >0; avoid sleeping past timeout. Demo: check_fn returns True after ~2 seconds (use closure + time).	control flow, strings, lists, dicts, functions, validation	01_core_python/day004_wait_until_ready.py	Not started		Easy			
5	Phase 1: Python Fluency (Core)	break/continue	Filter Nodes with Stop Marker	Given nodes = [{'name':'n1','healthy':True}, {'name':'n2','healthy':False}, {'name':'node-stop','healthy':True}, {'name':'n3','healthy':True}] Write healthy_nodes(nodes)->list[str]: - continue when unhealthy or missing keys - break when name == 'node-stop' Return names of healthy nodes processed before stop marker. Expected: ['n1'].	control flow, strings, lists, dicts, functions, validation	01_core_python/day005_nodes_filter.py	Not started		Easy			
6	Phase 1: Python Fluency (Core)	Mini Task	Service Health Evaluator	Simulate 5 services with (name, http_code, latency_ms). Rules: - base label from classify_http() - if latency_ms > 1000, degrade one level: HEALTHY→DEGRADED, DEGRADED→DOWN, DOWN stays DOWN. Output: per-service line `name code latency_ms label` and a summary count per label. Use functions: generate_data(), classify(), report().	control flow, strings, lists, dicts, functions, validation	01_core_python/day006_service_health.py	Not started		Medium			
7	Phase 1: Python Fluency (Core)	Weekly Review	Rewrite from Memory + Edge Cases	Without opening old files, rewrite: 1) retry() from Day 3 2) wait_until_ready() from Day 4 Add at least 2 additional edge cases you missed (examples: non-callable check_fn, negative timeout, interval > timeout). Write 5 assertions covering edge cases.	control flow, strings, lists, dicts, functions, validation	01_core_python/day007_review.py	Not started		Medium			
8	Phase 1: Python Fluency (Core)	Strings	Parse Log Line (no regex)	Log format: `YYYY-MM-DD HH:MM:SS LEVEL service message...` Example: `2026-01-01 12:01:02 ERROR payments timeout contacting db` Implement parse_log(line)->dict|None returning keys: date,time,level,service,message. Malformed lines return None (e.g., missing fields). Write 5 tests using simple assert statements.	control flow, strings, lists, dicts, functions, validation	01_core_python/day008_parse_log.py	Not started		Easy			
9	Phase 1: Python Fluency (Core)	Strings	Normalize Whitespace + Case	Implement normalize_message(msg:str)->str: - strip leading/trailing spaces - collapse multiple spaces to one - convert to lowercase Examples: '  DB   TIMEOUT  ' -> 'db timeout' '' -> ''. Write a small demo reading 5 sample strings and printing before/after.	control flow, strings, lists, dicts, functions, validation	01_core_python/day009_normalize.py	Not started		Easy			
10	Phase 1: Python Fluency (Core)	Strings	Mask Secrets in Text	Implement mask_secrets(text:str, secrets:list[str])->str. Replace each secret occurrence with '***' (case-sensitive). Example: text='token=ABC123&user=ruchi' secrets=['ABC123'] -> 'token=***&user=ruchi' Edge cases: empty secret list; overlapping secrets; secret not found. Write 6 asserts.	control flow, strings, lists, dicts, functions, validation	01_core_python/day010_mask_secrets.py	Not started		Medium			
11	Phase 1: Python Fluency (Core)	Search/Count	Log Level Counter	Given list of log lines, count occurrences of levels INFO/WARN/ERROR (case-sensitive). Return dict like {'INFO':10,'WARN':2,'ERROR':1}. Ignore malformed lines (use parse_log from Day 8). Provide sample list of at least 12 lines and print summary sorted by level name.	control flow, strings, lists, dicts, functions, validation	01_core_python/day011_level_counter.py	Not started		Medium			
12	Phase 1: Python Fluency (Core)	Formatting	Aligned Report Printer	Write format_report(counts:dict)->str that returns multi-line aligned output: LEVEL   COUNT ERROR   12 INFO    98 WARN    3 Rules: missing keys treated as 0; align columns with spaces. Use f-strings; do not print inside function (return string).	control flow, strings, lists, dicts, functions, validation	01_core_python/day012_format_report.py	Not started		Easy			
13	Phase 1: Python Fluency (Core)	Mini Task	Top-N Error Messages	Given 30 log lines, find top 3 most frequent ERROR messages (message part only). Steps: 1) parse lines 2) keep only level == 'ERROR' 3) count message frequencies Output: list of tuples sorted by count desc then message asc. Use only built-ins (no Counter today).	control flow, strings, lists, dicts, functions, validation	01_core_python/day013_top_errors.py	Not started		Medium			
14	Phase 1: Python Fluency (Core)	Refactor	Refactor to Functions + Docstrings	Take Day 13 solution and refactor into 4 functions: - iter_parsed(lines) - filter_errors(records) - count_messages(records) - top_n(counts, n=3) Add docstrings + type hints. Add 5 asserts for top_n().	control flow, strings, lists, dicts, functions, validation	01_core_python/day014_refactor_top_errors.py	Not started		Medium			
15	Phase 1: Python Fluency (Core)	Lists	Deduplicate Preserving Order	Implement dedupe_preserve(items:list[str])->list[str] preserving first occurrence. Example: ['a','b','a','c','b'] -> ['a','b','c']. Rule: do not use set(items) directly (order must be preserved).	control flow, strings, lists, dicts, functions, validation	01_core_python/day015_dedupe.py	Not started		Easy			
16	Phase 1: Python Fluency (Core)	Lists	Latency Threshold Filter	Given requests=[{'path':'/login','ms':120},{'path':'/pay','ms':1200},{'path':'/pay','ms':800}, ...] Return list of paths where ms >= 1000, uppercase, unique preserving first order. Skip items with missing keys or wrong types.	control flow, strings, lists, dicts, functions, validation	01_core_python/day016_latency_filter.py	Not started		Medium			
17	Phase 1: Python Fluency (Core)	Lists	Rolling Average	Implement rolling_avg(nums:list[float], k:int)->list[float]. Example nums=[1,2,3,4], k=2 -> [1.5,2.5,3.5]. Validation: if k<=0 or k>len(nums) return [].	control flow, strings, lists, dicts, functions, validation	01_core_python/day017_rolling_avg.py	Not started		Easy			
18	Phase 1: Python Fluency (Core)	Algorithms (basic)	Binary Search	Implement binary_search(sorted_nums:list[int], target:int)->int returning index or -1. Add 8 asserts including boundaries (first/last), not found, empty list. Do not use list.index().	control flow, strings, lists, dicts, functions, validation	01_core_python/day018_binary_search.py	Not started		Medium			
19	Phase 1: Python Fluency (Core)	Comprehensions	Refactor with Comprehensions	Refactor 3 earlier loops (your choice from Days 11–16) into readable list/dict comprehensions. Rule: keep readability; if it becomes unreadable, keep loop. Add before/after snippets as comments.	control flow, strings, lists, dicts, functions, validation	01_core_python/day019_comprehension_refactor.py	Not started		Easy			
20	Phase 1: Python Fluency (Core)	Mini Task	Latency Analyzer (p95 approx)	Given calls=[{'endpoint':'/a','ms':120}, ...] (min 50 items), compute: - avg latency - min endpoint (by ms) - max endpoint (by ms) - p95 approx: sort ms and take value at ceil(0.95*n)-1 Print a report with these values. Validate empty input -> raise ValueError.	control flow, strings, lists, dicts, functions, validation	01_core_python/day020_latency_analyzer.py	Not started		Medium			
21	Phase 1: Python Fluency (Core)	Review	Rewrite Analyzer + Validation	Rewrite Day 20 without looking. Add: - strict type validation for ms - skip invalid records, count how many skipped - return a dict result and print separately	control flow, strings, lists, dicts, functions, validation	01_core_python/day021_review_latency.py	Not started		Medium			
22	Phase 1: Python Fluency (Core)	Dictionaries	Error Count per Service	Input pairs: [('auth','ERROR'),('auth','INFO'),('pay','ERROR'),...] Create dict counting only ERROR per service. Return dict sorted by value desc (return list of tuples).	control flow, strings, lists, dicts, functions, validation	01_core_python/day022_errors_per_service.py	Not started		Easy			
23	Phase 1: Python Fluency (Core)	Dictionaries	HTTP Code Frequency	Given status_codes list, compute frequency dict and return list of (code,count) sorted by count desc then code asc. Example [200,200,500,404,500] -> [(200,2),(500,2),(404,1)].	control flow, strings, lists, dicts, functions, validation	01_core_python/day023_http_freq.py	Not started		Easy			
24	Phase 1: Python Fluency (Core)	Nested dicts	Region -> Service -> Errors	Given rows like {'region':'us-east-1','service':'auth','errors':3}, build nested dict: {'us-east-1': {'auth':3, ...}, ...} Skip rows with missing/empty region/service or non-int errors. Provide demo with at least 8 rows across 2 regions.	control flow, strings, lists, dicts, functions, validation	01_core_python/day024_nested_metrics.py	Not started		Medium			
25	Phase 1: Python Fluency (Core)	Sets	Duplicate IDs Report	Given user_ids list, produce: - unique_count - duplicates list where each duplicate appears once, in the order it first became a duplicate. Example: [1,2,1,3,2,2] -> unique_count=3, duplicates=[1,2].	control flow, strings, lists, dicts, functions, validation	01_core_python/day025_duplicates.py	Not started		Medium			
26	Phase 1: Python Fluency (Core)	Merging dicts safely	Safe Config Merge	Implement merge_config(defaults:dict, overrides:dict, allowed_keys:set[str])->(merged, unknown_keys). Rules: - merged starts from defaults, then apply overrides only for allowed keys. - collect keys in overrides not in allowed_keys. Demo allowed_keys={'host','port','timeout'}.	control flow, strings, lists, dicts, functions, validation	01_core_python/day026_safe_merge.py	Not started		Medium			
27	Phase 1: Python Fluency (Core)	Mini Task	Metrics Aggregator	Events: {'service','ms','status'}. Compute per service: request_count, error_count(status>=500), avg_latency_ms. Then compute error_rate=error_count/request_count. Print services sorted by error_rate desc then avg_latency desc. Skip invalid events and report skipped count.	control flow, strings, lists, dicts, functions, validation	01_core_python/day027_metrics_aggregator.py	Not started		Medium			
28	Phase 1: Python Fluency (Core)	Review	Make Aggregator Pure + Testable	Refactor Day 27: - pure function aggregate(events)->dict - pure function render(result)->str Add 8 asserts for aggregate() with edge cases (empty, invalid events, all errors).	control flow, strings, lists, dicts, functions, validation	01_core_python/day028_review_metrics.py	Not started		Medium			
29	Phase 1: Python Fluency (Core)	Functions	Validate Port	Implement validate_port(port_str:str)->int|None. Accept strings with spaces. Return int if 1..65535 else None. Examples: '443'->443, ' 0 '->None, 'abc'->None, ''->None.	control flow, strings, lists, dicts, functions, validation	01_core_python/day029_validate_port.py	Not started		Easy			
30	Phase 1: Python Fluency (Core)	Mini Project	Config Loader (defaults + env + JSON)	Build load_config(defaults:dict, env_prefix:str, json_path:str|None)->dict. Precedence: defaults < env vars (ENV_PREFIX_KEY) < JSON file. Requirements: - unknown keys collected into list and printed once - required keys: host, port - port must be int 1..65535 Provide sample defaults and a sample JSON file content in code comment. Write at least 6 asserts for validation helpers.	control flow, strings, lists, dicts, functions, validation	01_core_python/day030_config_loader.py	Not started		Hard			
31	Phase 2: Automation & Tooling	Exceptions	Safe JSON Reader	Implement read_json(path)->object|None. - Return parsed JSON (dict or list) - If file missing: return None and log a warning - If invalid JSON: return None and log an error Use logging module, not print. Provide demo with: missing file, bad json, good json.	files, json/yaml, logging, argparse, exceptions, tests	02_data_handling/day031_safe_json_reader.py	Not started		Easy			
32	Phase 2: Automation & Tooling	Files	Atomic Write	Write function atomic_write(path:str, content:str) that writes content safely: - write to temp file in same directory - fsync (optional) then rename to final path - ensure directory exists Create a demo writing report.txt twice and show file contains latest content.	files, json/yaml, logging, argparse, exceptions, tests	02_data_handling/day032_atomic_write.py	Not started		Medium			
33	Phase 2: Automation & Tooling	YAML	YAML Validator (K8s-style)	Given a Kubernetes Deployment YAML (as string in code), parse it (PyYAML). Validate: - kind == Deployment - spec.replicas exists and is int >=1 - containers list non-empty and each has image Output a list of validation errors (empty list means OK).	files, json/yaml, logging, argparse, exceptions, tests	02_data_handling/day033_yaml_validator.py	Not started		Medium			
34	Phase 2: Automation & Tooling	CSV	CSV Summarizer	Input CSV columns: endpoint,ms,status. Compute per endpoint: count, avg_ms, error_count(status>=500). Print top 5 endpoints by error_count desc then avg_ms desc. Write output as JSON report to a file.	files, json/yaml, logging, argparse, exceptions, tests	02_data_handling/day034_csv_summarizer.py	Not started		Medium			
35	Phase 2: Automation & Tooling	Env vars	Env Getter Utility	Implement get_env(name, default=None, required=False, cast=None). - missing and required=True -> raise ValueError - cast can be int/bool/float; invalid cast -> raise ValueError with helpful message Write 8 asserts for cast behaviors and required behavior.	files, json/yaml, logging, argparse, exceptions, tests	02_data_handling/day035_get_env.py	Not started		Medium			
36	Phase 2: Automation & Tooling	Logging	Structured Logging Helper	Create get_logger(app_name) that logs with format: timestamp level app_name message key1=value1 key2=value2 Implement helper log_kv(logger, level, message, **kwargs). Demo: log a request_id, service, latency_ms.	files, json/yaml, logging, argparse, exceptions, tests	03_cli_tools/day036_structured_logging.py	Not started		Medium			
37	Phase 2: Automation & Tooling	Argparse	CLI: log-summary	Build CLI tool: python log_summary.py --file app.log --level ERROR --top 3 Behavior: - parse log lines (use your earlier parser or simple split) - filter by level if provided - print counts by service and top N messages Exit code: 0 success, 2 if file missing.	files, json/yaml, logging, argparse, exceptions, tests	03_cli_tools/day037_cli_log_summary.py	Not started		Medium			
38	Phase 2: Automation & Tooling	Argparse	CLI: config-check	Build CLI: python config_check.py --config config.json Validate config contains: host(str non-empty), port(int 1..65535), timeout(float >0). Print 'OK' or list errors. Exit 0 if OK else 1.	files, json/yaml, logging, argparse, exceptions, tests	03_cli_tools/day038_cli_config_check.py	Not started		Easy			
39	Phase 2: Automation & Tooling	Refactor	Module Split	Take Day 37 tool and split into: - parser.py (parse_line) - metrics.py (aggregate) - cli.py (argparse, printing) No business logic inside cli.py except orchestration.	files, json/yaml, logging, argparse, exceptions, tests	03_cli_tools/day039_module_split/	Not started		Medium			
40	Phase 2: Automation & Tooling	Testing	pytest Starter Tests	Add pytest tests for: - classify_http (Phase 1 Day 2) - normalize_message (Phase 1 Day 9) - yaml validator (Day 33) Write parametrized tests and include boundary cases.	files, json/yaml, logging, argparse, exceptions, tests	03_cli_tools/day040_pytest_basics/	Not started		Medium			
41	Phase 2: Automation & Tooling	Files	File Rotator	Write rotate_file(path, max_bytes, backups=3): If file size > max_bytes, rename path->path.1, path.1->path.2 ... up to backups. Create a demo that writes data until rotation triggers and shows backups exist.	files, json/yaml, logging, argparse, exceptions, tests	03_cli_tools/day041_file_rotator/	Not started		Medium			
42	Phase 2: Automation & Tooling	Validation	JSON Schema-ish Validator	Validate JSON config against required keys + types without external libs. Input example: {"service":"auth","timeout":2.5,"retries":3}. Return list of errors, not exceptions (except for file read).	files, json/yaml, logging, argparse, exceptions, tests	03_cli_tools/day042_json_schema-ish_validator/	Not started		Medium			
43	Phase 2: Automation & Tooling	Strings	Log Redactor	Given text logs, redact patterns: - anything after 'token=' until space - anything after 'password=' until space Output redacted file; keep original unchanged (write new file).	files, json/yaml, logging, argparse, exceptions, tests	03_cli_tools/day043_log_redactor/	Not started		Medium			
44	Phase 2: Automation & Tooling	OS paths	Directory Inventory	Build a directory inventory script: - walk a directory - count files by extension - compute total bytes - print top 10 largest files (path + size).	files, json/yaml, logging, argparse, exceptions, tests	03_cli_tools/day044_directory_inventory/	Not started		Medium			
45	Phase 2: Automation & Tooling	Parsing	INI Parser	Parse a simple INI string (no configparser): [section] key=value Return dict {'section': {'key':'value'}}. Ignore blank lines and comments starting with #.	files, json/yaml, logging, argparse, exceptions, tests	03_cli_tools/day045_ini_parser/	Not started		Easy			
46	Phase 2: Automation & Tooling	Security	Secret Scanner	Scan a code folder for suspected secrets: - lines containing 'AKIA' (AWS access key prefix) or 'SECRET=' Print filename:line_number:snippet (first 80 chars).	files, json/yaml, logging, argparse, exceptions, tests	03_cli_tools/day046_secret_scanner/	Not started		Medium			
47	Phase 2: Automation & Tooling	Reporting	Report Generator	Generate a Markdown report from JSON metrics: Input: {'service':{'error_rate':0.1,'avg_ms':120}} Output MD table sorted by error_rate desc.	files, json/yaml, logging, argparse, exceptions, tests	03_cli_tools/day047_report_generator/	Not started		Medium			
48	Phase 2: Automation & Tooling	argparse	CLI Subcommands	Extend a CLI tool with subcommands: python ops.py inventory --dir . python ops.py redact --in a.log --out b.log python ops.py validate --config c.json	files, json/yaml, logging, argparse, exceptions, tests	03_cli_tools/day048_cli_subcommands/	Not started		Medium			
49	Phase 2: Automation & Tooling	errors	Exit Codes + Errors	Standardize exit codes: 0=success, 1=validation error, 2=file not found, 3=unexpected exception. Implement try/except in main and ensure codes match.	files, json/yaml, logging, argparse, exceptions, tests	03_cli_tools/day049_exit_codes_+_errors/	Not started		Medium			
50	Phase 2: Automation & Tooling	YAML/K8s	Mini Tool: Deployment Audit	Mini tool: Deployment Audit (YAML): Check for: - missing livenessProbe/readinessProbe - missing resources.requests/limits - image uses :latest tag Output JSON report with findings.	files, json/yaml, logging, argparse, exceptions, tests	03_cli_tools/day050_mini_tool_deployment_audit/	Not started		Medium			
51	Phase 2: Automation & Tooling	docs	Refactor + Docs	Refactor two earlier scripts into a package structure with docstrings and type hints. Add README with usage examples.	files, json/yaml, logging, argparse, exceptions, tests	03_cli_tools/day051_refactor_+_docs/	Not started		Medium			
52	Phase 2: Automation & Tooling	tests	Test Coverage Push	Increase pytest coverage: add tests for rotate_file, redact, ini parser. Use tmp_path fixture.	files, json/yaml, logging, argparse, exceptions, tests	03_cli_tools/day052_test_coverage_push/	Not started		Medium			
53	Phase 2: Automation & Tooling	packaging	Packaging: python -m	Make package runnable: add __main__.py so `python -m ops_toolkit` works. Provide help output.	files, json/yaml, logging, argparse, exceptions, tests	03_cli_tools/day053_packaging_python_-m/	Not started		Medium			
54	Phase 2: Automation & Tooling	tooling	Makefile Runner	Create Makefile with targets: format, lint (basic), test, run-demo. Use simple commands.	files, json/yaml, logging, argparse, exceptions, tests	03_cli_tools/day054_makefile_runner/	Not started		Medium			
55	Phase 2: Automation & Tooling	toolkit	Mini Project: Ops Toolkit	Mini project: Ops Toolkit v1: Combine inventory + redact + validate into one cohesive CLI with clean modules.	files, json/yaml, logging, argparse, exceptions, tests	03_cli_tools/day055_mini_project_ops_toolkit/	Not started		Medium			
56	Phase 2: Automation & Tooling	review	Weekly Review: Rewrite 2 tools	Weekly review: Rewrite from memory one tool (inventory or redact) and compare with original. Note improvements.	files, json/yaml, logging, argparse, exceptions, tests	03_cli_tools/day056_weekly_review_rewrite_2_tools/	Not started		Medium			
57	Phase 2: Automation & Tooling	ci	Add GitHub Actions CI	Add GitHub Actions CI: Run tests on push using python 3.12. Include badge in README.	files, json/yaml, logging, argparse, exceptions, tests	03_cli_tools/day057_add_github_actions_ci/	Not started		Medium			
58	Phase 2: Automation & Tooling	ux	CLI UX Improvement	Improve CLI UX: Add --quiet, --json output option, and better help text + examples.	files, json/yaml, logging, argparse, exceptions, tests	03_cli_tools/day058_cli_ux_improvement/	Not started		Medium			
59	Phase 2: Automation & Tooling	perf	Performance on Large File	Optimize large file processing: Redact a 200MB file line-by-line without loading into memory; measure runtime.	files, json/yaml, logging, argparse, exceptions, tests	03_cli_tools/day059_performance_on_large_file/	Not started		Medium			
60	Phase 2: Automation & Tooling	release	Polish + Release Notes	Polish and write RELEASE_NOTES.md summarizing features, known limitations, and next steps.	files, json/yaml, logging, argparse, exceptions, tests	03_cli_tools/day060_polish_+_release_notes/	Not started		Hard			
61	Phase 3: AWS & boto3 Ownership	EC2	List EC2 Instances (mockable)	Write list_ec2_instances(session, regions)->list[dict]. Return id,state,type,tags for each instance. If you can’t call AWS, write a stub that reads sample JSON response from file and processes it. Also implement group_by_state(instances)->dict and print counts.	boto3, pagination, IAM, retries, tagging, cost thinking	05_aws_boto3/day061_ec2_list.py	Not started		Medium			
62	Phase 3: AWS & boto3 Ownership	S3	S3 Bucket Inventory	List S3 buckets and for each bucket: - region - has_versioning (True/False/Unknown) - has_public_access_block (True/False/Unknown) Output a CSV report. If no AWS access, process provided sample JSON files and produce same report.	boto3, pagination, IAM, retries, tagging, cost thinking	05_aws_boto3/day062_s3_inventory.py	Not started		Medium			
63	Phase 3: AWS & boto3 Ownership	Lambda	Lambda Functions Metadata Report	Collect Lambda functions across regions: - function_name - runtime - memory_size - timeout - last_modified Write JSON report and a “top 10 highest memory” table in terminal. Handle pagination via NextMarker/NextToken as appropriate.	boto3, pagination, IAM, retries, tagging, cost thinking	05_aws_boto3/day063_lambda_report.py	Not started		Medium			
64	Phase 3: AWS & boto3 Ownership	IAM	Detect Admin-like Policies	Given IAM policy documents (JSON), detect statements that allow Action='*' and Resource='*'. Input: list of policy JSON docs (local fixtures ok). Output: list of risky policy names + statement snippets.	boto3, pagination, IAM, retries, tagging, cost thinking	05_aws_boto3/day064_iam_policy_audit.py	Not started		Medium			
65	Phase 3: AWS & boto3 Ownership	Tags	Tag Compliance Checker	Given resources (instances/functions/buckets) with tags, enforce required tags: {'Owner','Env','CostCenter'}. Output: - compliant_count - non_compliant list with missing tags - summary per resource type	boto3, pagination, IAM, retries, tagging, cost thinking	05_aws_boto3/day065_tag_compliance.py	Not started		Easy			
66	Phase 3: AWS & boto3 Ownership	CloudWatch	Parse CloudWatch Log Events Export	Given a JSON file representing CloudWatch log events (timestamp,message), implement: - filter_errors(events)->events containing 'ERROR' - extract_request_ids(message)->list[str] (pattern 'request_id=...') Output a report: error_count, unique_request_ids, top 5 messages.	boto3, pagination, IAM, retries, tagging, cost thinking	05_aws_boto3/day066_cw_log_parse.py	Not started		Medium			
67	Phase 3: AWS & boto3 Ownership	Cost	Cost Explorer Daily Spend Parser (fixture)	Given a Cost Explorer response JSON (fixture), compute daily spend and: - total spend - top 3 days by spend - detect spike: day spend > 1.5 * average Output markdown report.	boto3, pagination, IAM, retries, tagging, cost thinking	05_aws_boto3/day067_cost_parser.py	Not started		Medium			
68	Phase 3: AWS & boto3 Ownership	STS	Assume Role Wrapper (mock)	Write assume_role_session(role_arn, session_name, external_id=None) returning a boto3 Session. If you cannot call STS, unit test the function by mocking boto3 client calls (pytest + monkeypatch).	boto3, pagination, IAM, retries, tagging, cost thinking	05_aws_boto3/day068_assume_role_wrapper.py	Not started		Hard			
69	Phase 3: AWS & boto3 Ownership	DynamoDB	DynamoDB Item Upsert Logic (local)	Implement upsert_item(existing:dict|None, update:dict)->dict with rules: - never overwrite fields in protected set {'BestCost','BestTime','Graph'} unless update contains force=True - merge nested dicts shallowly Write 10 asserts for behavior.	boto3, pagination, IAM, retries, tagging, cost thinking	05_aws_boto3/day069_ddb_upsert_logic.py	Not started		Medium			
70	Phase 3: AWS & boto3 Ownership	SQS	SQS FIFO Message Builder	Build function build_fifo_message(body:dict, group_id:str, dedup_id:str)->dict payload for boto3 send_message. Validate lengths, ensure JSON serialization. Write CLI that reads body JSON file and prints payload.	boto3, pagination, IAM, retries, tagging, cost thinking	05_aws_boto3/day070_sqs_fifo_builder.py	Not started		Medium			
71	Phase 3: AWS & boto3 Ownership	ECR	ECR Image Tag Policy Check	Given list of image tags (strings), enforce policy: - disallow 'latest' - require semantic version x.y.z or gitsha-<7+hex> Output compliant vs non-compliant lists.	boto3, pagination, IAM, retries, tagging, cost thinking	05_aws_boto3/day071_ecr_tag_policy.py	Not started		Easy			
72	Phase 3: AWS & boto3 Ownership	Lambda	Lambda Memory Recommendation Buckets	Given Lambda metrics list: {name,avg_duration_ms,p95_ms,memory_mb}, recommend memory change using rule-of-thumb: - if p95_ms > 2000 => increase by 256MB - if avg_duration_ms < 200 and memory_mb > 512 => decrease by 128MB Output recommended changes table.	boto3, pagination, IAM, retries, tagging, cost thinking	05_aws_boto3/day072_lambda_memory_reco.py	Not started		Medium			
73	Phase 3: AWS & boto3 Ownership	CloudFormation	CFN Stack Status Tracker	Given a sequence of stack events (timestamp,status,reason), compute: - final status - time to complete (first->last) - list of failure reasons if any FAILED status present Output JSON summary.	boto3, pagination, IAM, retries, tagging, cost thinking	05_aws_boto3/day073_cfn_status_tracker.py	Not started		Medium			
74	Phase 3: AWS & boto3 Ownership	SSM	SSM Parameter Exporter (fixture)	Given list of parameters (Name,Type,Value), export to .env format: - convert '/' to '_' in names - if Type is SecureString, output placeholder '<secure>' Write output to file.	boto3, pagination, IAM, retries, tagging, cost thinking	05_aws_boto3/day074_ssm_to_env.py	Not started		Easy			
75	Phase 3: AWS & boto3 Ownership	KMS	KMS Key Policy Principal Validator	Given a KMS key policy JSON, detect invalid principals: - empty string - ARN not matching arn:aws:iam::\d{12}:(role|user)/... Return list of invalid principals and statement ids where found.	boto3, pagination, IAM, retries, tagging, cost thinking	05_aws_boto3/day075_kms_policy_validator.py	Not started		Hard			
76	Phase 3: AWS & boto3 Ownership	Networking	CIDR Overlap Checker	Given a list of CIDR blocks (e.g., VPC/subnet ranges), detect overlaps and output all overlapping pairs. You may use ipaddress module. Provide demo list with at least 6 CIDRs.	boto3, pagination, IAM, retries, tagging, cost thinking	05_aws_boto3/day076_cidr_overlap.py	Not started		Medium			
77	Phase 3: AWS & boto3 Ownership	Cost	Reserved Instance Coverage Calculator (toy)	Given on-demand hours per instance family and RI hours purchased, compute coverage % per family and overall. Output table and highlight families < 60% coverage.	boto3, pagination, IAM, retries, tagging, cost thinking	05_aws_boto3/day077_ri_coverage.py	Not started		Medium			
78	Phase 3: AWS & boto3 Ownership	Security	IAM Access Key Age Report	Given fixture list of access keys with create_date, compute key age in days and flag >90 days. Output CSV report with username,key_id,age_days,flag.	boto3, pagination, IAM, retries, tagging, cost thinking	05_aws_boto3/day078_key_age_report.py	Not started		Easy			
79	Phase 3: AWS & boto3 Ownership	Observability	Alarm Noise Detector	Given list of alarms with state_change_count and severity, identify top 10 noisiest alarms and recommend: - add period - adjust threshold - add composite alarm Output markdown report.	boto3, pagination, IAM, retries, tagging, cost thinking	05_aws_boto3/day079_alarm_noise.py	Not started		Medium			
80	Phase 3: AWS & boto3 Ownership	Multi-region	Region Fan-out Runner	Write function run_for_regions(regions, fn) that executes fn(region) for each region and collects successes/failures. Return dict {region: {'ok':bool,'result':..., 'error':...}}. Demonstrate with a fake fn that fails on one region.	boto3, pagination, IAM, retries, tagging, cost thinking	05_aws_boto3/day080_region_fanout.py	Not started		Medium			
81	Phase 3: AWS & boto3 Ownership	FinOps	Idle Resource Detector (rules)	Given resources with utilization metrics: EC2: cpu_avg RDS: connections_avg EBS: attached(bool) Flag idle rules: - EC2 cpu_avg<5% - RDS connections_avg<1 - EBS attached==False Output savings opportunities list sorted by estimated_monthly_cost desc.	boto3, pagination, IAM, retries, tagging, cost thinking	05_aws_boto3/day081_idle_detector.py	Not started		Hard			
82	Phase 3: AWS & boto3 Ownership	S3	S3 Lifecycle Policy Linter	Given lifecycle config JSON, validate: - expiration days present for noncurrent versions - transition days are increasing - no negative days Return list of errors.	boto3, pagination, IAM, retries, tagging, cost thinking	05_aws_boto3/day082_s3_lifecycle_linter.py	Not started		Medium			
83	Phase 3: AWS & boto3 Ownership	Lambda	Lambda Concurrency Risk Check	Given list of lambdas with reserved_concurrency and account concurrency limit, identify risk if sum reserved_concurrency > 80% of limit. Output warning with top consumers.	boto3, pagination, IAM, retries, tagging, cost thinking	05_aws_boto3/day083_lambda_concurrency_risk.py	Not started		Medium			
84	Phase 3: AWS & boto3 Ownership	Step Functions	SFN Execution Result Parser	Given a Step Functions execution history JSON (fixture), extract: - start_time, end_time - final status - failure cause (if failed) Return summary dict and print human-readable report.	boto3, pagination, IAM, retries, tagging, cost thinking	05_aws_boto3/day084_sfn_history_parser.py	Not started		Medium			
85	Phase 3: AWS & boto3 Ownership	Secrets	Secrets Manager Rotation Checker	Given list of secrets with LastRotatedDate and RotationEnabled, flag: - RotationEnabled=False (HIGH) - RotationEnabled=True but last rotated > 60 days (MEDIUM) Output CSV report.	boto3, pagination, IAM, retries, tagging, cost thinking	05_aws_boto3/day085_secrets_rotation.py	Not started		Easy			
86	Phase 3: AWS & boto3 Ownership	CI/CD	Deployment Window Validator	Given subscription_window with start/end timestamps and a request timestamp, validate request is inside the window. Return ALLOW or DENY with reason. Include timezone-safe parsing with datetime.	boto3, pagination, IAM, retries, tagging, cost thinking	05_aws_boto3/day086_deploy_window.py	Not started		Medium			
87	Phase 3: AWS & boto3 Ownership	Terraform	Terraform Plan Diff Summarizer (text)	Given terraform plan text (fixture), count: - resources to add/change/destroy - list resource types changed most Output short summary (like a PR comment).	boto3, pagination, IAM, retries, tagging, cost thinking	05_aws_boto3/day087_tf_plan_summary.py	Not started		Medium			
88	Phase 3: AWS & boto3 Ownership	CloudTrail	CloudTrail Event Filter	Given CloudTrail events JSON (fixture), filter events for: - ConsoleLogin failures - Delete* actions Output summary counts per user and top 5 risky actions.	boto3, pagination, IAM, retries, tagging, cost thinking	05_aws_boto3/day088_cloudtrail_filter.py	Not started		Medium			
89	Phase 3: AWS & boto3 Ownership	Review	AWS Tool Refactor + Tests	Pick any TWO AWS tasks from Days 61–88 and: - refactor into modules - add pytest tests for pure logic portions - add logging, no prints in logic Write README usage examples.	boto3, pagination, IAM, retries, tagging, cost thinking	05_aws_boto3/day089_review_refactor_tests/	Not started		Hard			
90	Phase 3: AWS & boto3 Ownership	Mini Project	AWS Cost Hygiene Toolkit v1	Create a cohesive CLI `aws_hygiene` with subcommands: - idle (Day81 rules) - tags (Day65) - key-age (Day78) All use shared modules, structured logs, JSON output option, and exit codes. Provide README with examples.	boto3, pagination, IAM, retries, tagging, cost thinking	05_aws_boto3/day090_aws_hygiene_toolkit/	Not started		Hard			
91	Phase 4: Reliability & Performance	Complexity	Benchmark list vs set membership	Create 1,000,000 integers and compare membership test times for: - list (x in list) - set  (x in set) Use time.perf_counter(). Print timings and a short takeaway paragraph in comments.	timeouts, retries, backoff, circuit breaker, concurrency, async, streaming	07_reliability_patterns/day091_membership_bench.py	Not started		Easy			
92	Phase 4: Reliability & Performance	Backoff	Exponential backoff function	Implement backoff(attempt, base=0.2, factor=2.0, jitter=0.1)->seconds. Rules: attempt starts at 1; seconds = base * factor**(attempt-1) plus random jitter in [-jitter,+jitter]. Write 10 asserts for bounds (use fixed seed).	timeouts, retries, backoff, circuit breaker, concurrency, async, streaming	07_reliability_patterns/day092_backoff.py	Not started		Medium			
93	Phase 4: Reliability & Performance	Retries	Retry wrapper with classification	Implement retry_call(fn, attempts, is_retryable_exception)->result. Only retry on retryable exceptions; otherwise raise immediately. Add demo fn that raises TimeoutError twice then succeeds.	timeouts, retries, backoff, circuit breaker, concurrency, async, streaming	07_reliability_patterns/day093_retry_wrapper.py	Not started		Medium			
94	Phase 4: Reliability & Performance	Circuit breaker	Circuit breaker class	Implement CircuitBreaker: - states: CLOSED, OPEN, HALF_OPEN - opens after N failures - after cooldown seconds, allows one trial (HALF_OPEN) - success closes, failure opens again Write a simulation showing transitions with printed state changes.	timeouts, retries, backoff, circuit breaker, concurrency, async, streaming	07_reliability_patterns/day094_circuit_breaker.py	Not started		Hard			
95	Phase 4: Reliability & Performance	Rate limiting	Token bucket limiter	Implement TokenBucket(rate_per_sec, capacity). Method allow()->bool. Simulate 100 requests over time and show allowed vs blocked count.	timeouts, retries, backoff, circuit breaker, concurrency, async, streaming	07_reliability_patterns/day095_token_bucket.py	Not started		Hard			
96	Phase 4: Reliability & Performance	Streaming	Process large file line-by-line	Generate a large file (>=200k lines) of fake logs, then stream-process to compute: - total lines - error lines - top 5 services by error count Do not load entire file into memory.	timeouts, retries, backoff, circuit breaker, concurrency, async, streaming	07_reliability_patterns/day096_streaming_logs.py	Not started		Medium			
97	Phase 4: Reliability & Performance	Threading	Parallel health checks (ThreadPoolExecutor)	Given a list of 50 fake endpoints, simulate check() with random sleep and status. Run checks concurrently with ThreadPoolExecutor, enforce per-check timeout, and output summary table.	timeouts, retries, backoff, circuit breaker, concurrency, async, streaming	08_concurrency_async/day097_parallel_checks.py	Not started		Hard			
98	Phase 4: Reliability & Performance	Thread safety	Race condition demo + fix	Create shared counter incremented by 10 threads (10000 increments each). Show incorrect total without lock, then correct total with threading.Lock. Explain why race happens in comment.	timeouts, retries, backoff, circuit breaker, concurrency, async, streaming	08_concurrency_async/day098_race_condition.py	Not started		Medium			
99	Phase 4: Reliability & Performance	Multiprocessing	CPU-bound parallelism test	Compute primes up to N using: - single process - ProcessPoolExecutor splitting ranges Measure time and compare. Explain when processes help vs threads.	timeouts, retries, backoff, circuit breaker, concurrency, async, streaming	08_concurrency_async/day099_process_pool_primes.py	Not started		Hard			
100	Phase 4: Reliability & Performance	Timeouts	Timeout decorator (best-effort)	Implement run_with_timeout(fn, timeout_s)->(ok, result_or_error). Use ThreadPoolExecutor future.result(timeout=...). Return ok=False on TimeoutError. Demonstrate with slow and fast functions.	timeouts, retries, backoff, circuit breaker, concurrency, async, streaming	07_reliability_patterns/day100_timeout_wrapper.py	Not started		Medium			
101	Phase 4: Reliability & Performance	Async	asyncio gather demo	Write async fetch_sim(url) that awaits random sleep and returns dict {url,status,ms}. Run 30 URLs concurrently with asyncio.gather and print summary of statuses.	timeouts, retries, backoff, circuit breaker, concurrency, async, streaming	08_concurrency_async/day101_async_gather.py	Not started		Medium			
102	Phase 4: Reliability & Performance	Async queue	Producer/consumer pipeline	Use asyncio.Queue with: - producer reads lines from file and enqueues - 5 consumers parse and count ERROR lines Stop cleanly with sentinel. Print final count.	timeouts, retries, backoff, circuit breaker, concurrency, async, streaming	08_concurrency_async/day102_async_queue_pipeline.py	Not started		Hard			
103	Phase 4: Reliability & Performance	Caching	TTL cache for expensive calls	Implement TTLCache(getter, ttl_s). If cached value not expired, return cached. Demo using a getter that increments a counter (expensive) and show cache hits/misses.	timeouts, retries, backoff, circuit breaker, concurrency, async, streaming	07_reliability_patterns/day103_ttl_cache.py	Not started		Medium			
104	Phase 4: Reliability & Performance	Pagination	Robust page token design	Implement encode_token(index:int)->str and decode_token(token:str)->int. Token should be base64 of index with basic validation. Use in paginate(items,page_size,token). Add tests for invalid tokens.	timeouts, retries, backoff, circuit breaker, concurrency, async, streaming	07_reliability_patterns/day104_pagination_tokens.py	Not started		Medium			
105	Phase 4: Reliability & Performance	Observability	Structured event timing context manager	Create context manager `timer(name, logger=None)` that measures elapsed_ms. On exit, logs/returns elapsed. Demo wrapping 3 functions and printing timings.	timeouts, retries, backoff, circuit breaker, concurrency, async, streaming	07_reliability_patterns/day105_timer_cm.py	Not started		Easy			
106	Phase 4: Reliability & Performance	Mini project	SRE runner: parallel + retry + backoff	Build a CLI tool `sre_run.py --targets targets.txt` that: - runs checks in parallel - retries failures with exponential backoff - produces JSON summary (successes, failures, avg_ms, p95_ms) - exits 0 if all ok else 1 Use only simulated checks (no network needed).	timeouts, retries, backoff, circuit breaker, concurrency, async, streaming	07_reliability_patterns/day106_sre_runner/	Not started		Hard			
107	Phase 4: Reliability & Performance	Testing	pytest for reliability primitives	Add pytest tests for backoff(), retry_call(), token encode/decode. Use deterministic randomness (seed) and cover edge cases.	timeouts, retries, backoff, circuit breaker, concurrency, async, streaming	07_reliability_patterns/day107_reliability_tests/	Not started		Medium			
108	Phase 4: Reliability & Performance	Profiling	cProfile a slow function	Create a deliberately slow function (nested loops). Profile it with cProfile and print top 10 functions by cumulative time. Add a comment summarizing what you learned.	timeouts, retries, backoff, circuit breaker, concurrency, async, streaming	07_reliability_patterns/day108_cprofile_demo.py	Not started		Easy			
109	Phase 4: Reliability & Performance	Load test	Simple load generator	Write a load generator that calls a local function 5000 times with random inputs and measures: avg, min, max, p95 latency (ms). Output results to a text file.	timeouts, retries, backoff, circuit breaker, concurrency, async, streaming	07_reliability_patterns/day109_load_gen.py	Not started		Medium			
110	Phase 4: Reliability & Performance	Resilience	Bulkhead isolation simulation	Simulate two pools: critical and non-critical tasks. Non-critical tasks should never starve critical tasks. Implement using two ThreadPoolExecutors and show results.	timeouts, retries, backoff, circuit breaker, concurrency, async, streaming	07_reliability_patterns/day110_bulkhead.py	Not started		Hard			
111	Phase 4: Reliability & Performance	Review	Rewrite one reliability tool from memory	Pick Day106 sre_runner or Day097 parallel checks and rewrite it from scratch without looking. Then compare to original and list 5 improvements.	timeouts, retries, backoff, circuit breaker, concurrency, async, streaming	07_reliability_patterns/day111_review_rewrite.py	Not started		Hard			
112	Phase 4: Reliability & Performance	Docs	Write OPERATIONS.md for reliability tools	Write OPERATIONS.md describing: - how to run tools - config/env vars - failure modes - how to debug using logs - how to run tests	timeouts, retries, backoff, circuit breaker, concurrency, async, streaming	07_reliability_patterns/day112_operations_doc/OPERATIONS.md	Not started		Easy			
113	Phase 4: Reliability & Performance	Optimization	Memory usage reduction	Take streaming log tool and reduce memory: - avoid storing full messages - keep only top-N counters Measure runtime and approximate memory by object counts; write PERF_NOTES.md.	timeouts, retries, backoff, circuit breaker, concurrency, async, streaming	07_reliability_patterns/day113_memory_opt/	Not started		Hard			
114	Phase 4: Reliability & Performance	Error taxonomy	Standard error codes	Define error codes for your tools (FILE_NOT_FOUND, BAD_INPUT, TIMEOUT, AWS_AUTH, UNKNOWN). Implement helper to format errors consistently as JSON. Refactor 2 tools to use this helper.	timeouts, retries, backoff, circuit breaker, concurrency, async, streaming	07_reliability_patterns/day114_error_codes/	Not started		Medium			
115	Phase 4: Reliability & Performance	Mini project	Incident replay parser	Given an incident timeline file (timestamp,event_type,details), reconstruct: - start time, end time, duration - impacted services list - count of retries/timeouts Output a human-readable incident summary and a JSON artifact.	timeouts, retries, backoff, circuit breaker, concurrency, async, streaming	07_reliability_patterns/day115_incident_replay/	Not started		Hard			
116	Phase 4: Reliability & Performance	CI	Add GitHub Actions for reliability suite	Create a GitHub Actions workflow that runs pytest and uploads artifacts (reports) on failure. Include python 3.12 and cache pip.	timeouts, retries, backoff, circuit breaker, concurrency, async, streaming	07_reliability_patterns/day116_ci_actions/	Not started		Medium			
117	Phase 4: Reliability & Performance	Refactor	Library extraction	Extract common utilities into `devops_lib`: - logging - error formatting - config loader - timer Update 3 tools to import from devops_lib.	timeouts, retries, backoff, circuit breaker, concurrency, async, streaming	07_reliability_patterns/day117_devops_lib/	Not started		Hard			
118	Phase 4: Reliability & Performance	Packaging	Build a pip-installable package (local)	Add pyproject.toml so your devops_lib can be installed with pip -e . Write README showing install and usage.	timeouts, retries, backoff, circuit breaker, concurrency, async, streaming	07_reliability_patterns/day118_packaging/	Not started		Medium			
119	Phase 4: Reliability & Performance	Review	Add type hints + mypy notes	Add type hints to devops_lib public functions. Write MYPY_NOTES.md describing benefits and what types were tricky.	timeouts, retries, backoff, circuit breaker, concurrency, async, streaming	07_reliability_patterns/day119_typing/	Not started		Medium			
120	Phase 4: Reliability & Performance	Phase review	Reliability showcase README	Write a README section summarizing the reliability patterns you implemented with links to days/files and short descriptions.	timeouts, retries, backoff, circuit breaker, concurrency, async, streaming	07_reliability_patterns/day120_phase_review/README.md	Not started		Easy			
121	Phase 5: API, CI/CD & AI-era Skills	HTTP	Parse raw HTTP request	Parse a raw HTTP request string into: method, path, headers dict, body. Handle missing body, repeated headers (keep last), and whitespace. Provide demo input as multiline string in code.	FastAPI, pytest, design, refactor, CI, code review	09_api_services/day121_http_parser.py	Not started		Medium			
122	Phase 5: API, CI/CD & AI-era Skills	REST	Write API spec for internal tool	Write api_spec.md for an internal DevOps API with endpoints: /health, /resources, /cost/idle, /deployments/validate Include request/response examples and status codes.	FastAPI, pytest, design, refactor, CI, code review	09_api_services/day122_api_spec/api_spec.md	Not started		Easy			
123	Phase 5: API, CI/CD & AI-era Skills	FastAPI	FastAPI: health + version	Create FastAPI app with: GET /health -> {status:'ok'} GET /version -> {version:'0.1.0', env:APP_ENV} Use pydantic Settings with env defaults. Include run instructions in README.	FastAPI, pytest, design, refactor, CI, code review	09_api_services/day123_fastapi_health/	Not started		Medium			
124	Phase 5: API, CI/CD & AI-era Skills	FastAPI	CRUD: in-memory tasks	Implement endpoints: POST /tasks, GET /tasks, GET /tasks/{id} Use in-memory store (dict). Use pydantic model with validation. Return 201 on create, 404 on missing.	FastAPI, pytest, design, refactor, CI, code review	09_api_services/day124_tasks_crud/	Not started		Hard			
125	Phase 5: API, CI/CD & AI-era Skills	FastAPI	Add update + delete + pagination	Add PUT /tasks/{id}, DELETE /tasks/{id}. Add pagination to GET /tasks: page_size, page_token using your token helpers. Return {'items':..., 'next':...}.	FastAPI, pytest, design, refactor, CI, code review	09_api_services/day125_tasks_pagination/	Not started		Hard			
126	Phase 5: API, CI/CD & AI-era Skills	Errors	Consistent error format	Implement exception handlers so errors always return: {'error': {'code':'...', 'message':'...', 'request_id':'...'}} Add NotFoundError and ValidationError mapping.	FastAPI, pytest, design, refactor, CI, code review	09_api_services/day126_error_format/	Not started		Hard			
127	Phase 5: API, CI/CD & AI-era Skills	Middleware	Request ID + timing middleware	Add middleware: - generate request_id - add X-Request-Id header - log method/path/status/duration_ms/request_id Use structured logging helper from devops_lib.	FastAPI, pytest, design, refactor, CI, code review	09_api_services/day127_middleware/	Not started		Hard			
128	Phase 5: API, CI/CD & AI-era Skills	Auth	Token header check	Add simple auth dependency: Require header X-API-Token equals env API_TOKEN. If missing/wrong -> 401 with consistent error format. Add tests for authorized/unauthorized.	FastAPI, pytest, design, refactor, CI, code review	09_api_services/day128_auth/	Not started		Hard			
129	Phase 5: API, CI/CD & AI-era Skills	Testing	TestClient suite	Write pytest tests using FastAPI TestClient for: - create task - get task - pagination - auth failure - validation failure Aim for 15+ tests, keep readable.	FastAPI, pytest, design, refactor, CI, code review	09_api_services/day129_tests/	Not started		Hard			
130	Phase 5: API, CI/CD & AI-era Skills	CI/CD	Create release helper script	Write script release_notes.py that: - reads git log last N commits - groups by prefix 'Day' and 'Fix' and 'Refactor' - writes RELEASE_NOTES.md If git not available, accept a text file as input fallback.	FastAPI, pytest, design, refactor, CI, code review	06_ci_cd_helpers/day130_release_notes.py	Not started		Medium			
131	Phase 5: API, CI/CD & AI-era Skills	CI/CD	GitHub Actions: test + lint	Add workflow: - install deps - run pytest - run a basic formatter check (python -m compileall + optional ruff if you choose) Fail build on errors. Add badge to README.	FastAPI, pytest, design, refactor, CI, code review	06_ci_cd_helpers/day131_actions_ci/	Not started		Medium			
132	Phase 5: API, CI/CD & AI-era Skills	Quality	Refactor one messy script	Pick one older script (Phase 1 or 2) and refactor into: - pure functions - type hints - docstrings - tests Write REFAC_NOTES.md describing improvements.	FastAPI, pytest, design, refactor, CI, code review	10_final_projects/day132_refactor_one/	Not started		Medium			
133	Phase 5: API, CI/CD & AI-era Skills	AI-era	Review AI-generated code	Generate (or paste) a short AI-produced script (20–40 lines) in a file `ai_input.py`. Task: - identify 10 issues (style, bugs, edge cases, security) - produce fixed version `ai_fixed.py` - write REVIEW.md listing issues and fixes. (If you don’t want to generate new code, use an old script as 'ai_input'.)	FastAPI, pytest, design, refactor, CI, code review	10_final_projects/day133_ai_code_review/	Not started		Medium			
134	Phase 5: API, CI/CD & AI-era Skills	Docs	Write a strong repo README	Write README.md with: - what this repo is - how to run examples - folder index by phase - how you practiced daily - your focus areas (AWS/CI/CD/cost/SRE)	FastAPI, pytest, design, refactor, CI, code review	10_final_projects/day134_repo_readme/README.md	Not started		Easy			
135	Phase 5: API, CI/CD & AI-era Skills	API Ops	Add /metrics endpoint	Add endpoint /metrics returning counters: - total_requests - errors_count - avg_latency_ms (rolling) Implement safely (thread-safe) and add tests.	FastAPI, pytest, design, refactor, CI, code review	09_api_services/day135_metrics_endpoint/	Not started		Hard			
136	Phase 5: API, CI/CD & AI-era Skills	Persistence	Persist tasks to JSON file	Extend tasks API to persist store to tasks.json on every write (create/update/delete). On startup, load file if exists. Handle file errors with consistent error format. Add tests using tmp_path.	FastAPI, pytest, design, refactor, CI, code review	09_api_services/day136_persist_json/	Not started		Hard			
137	Phase 5: API, CI/CD & AI-era Skills	Perf	Simple load test for API	Write script that calls GET /tasks 500 times using TestClient or requests. Compute avg/min/max/p95 latency and write results to PERF_RESULTS.txt.	FastAPI, pytest, design, refactor, CI, code review	10_final_projects/day137_api_load_test.py	Not started		Medium			
138	Phase 5: API, CI/CD & AI-era Skills	Security	Secrets redaction in API logs	Ensure request/response logging never logs: - Authorization/X-API-Token - any field named password/token/secret Implement redaction and add tests.	FastAPI, pytest, design, refactor, CI, code review	09_api_services/day138_log_redaction/	Not started		Hard			
139	Phase 5: API, CI/CD & AI-era Skills	Final Project	DevOps Audit Service v1	Final build: Create a small FastAPI service with endpoints: - /health - /audit/tags (accept JSON resources list; returns missing tags) - /audit/keys (accept list of access keys; returns age flags) - /audit/idle (accept utilization list; returns idle candidates) Requirements: - consistent error format - request_id middleware - structured logs - pytest tests (>=20) - README with curl examples	FastAPI, pytest, design, refactor, CI, code review	10_final_projects/day139_devops_audit_service/	Not started		Hard			
140	Phase 5: API, CI/CD & AI-era Skills	Wrap-up	Self Review + Next 30 days	Write SELF_REVIEW.md: - top 10 problems you’re proud of - what still makes you google - what patterns you now understand (retries, pagination, logging, tests) - next 30-day plan (focus areas + project ideas) Link to best files in repo.	FastAPI, pytest, design, refactor, CI, code review	10_final_projects/day140_self_review/SELF_REVIEW.md	Not started		Easy			
141	Phase 5: API, CI/CD & AI-era Skills	CI/CD	PR Comment Generator for Terraform	Write tf_pr_comment.py that takes terraform plan summary (Day87 style) and prints a markdown PR comment with: - add/change/destroy counts - top resource types touched - risk label (LOW/MED/HIGH) based on destroy count Include unit tests for parser.	FastAPI, pytest, design, refactor, CI, code review	06_ci_cd_helpers/day141_tf_pr_comment.py	Not started		Medium			
142	Phase 5: API, CI/CD & AI-era Skills	DevOps	Dockerfile Linter (basic)	Implement a simple Dockerfile linter that flags: - use of latest tag in FROM - missing USER directive - apt-get without cleanup Input: Dockerfile text. Output list of warnings.	FastAPI, pytest, design, refactor, CI, code review	06_ci_cd_helpers/day142_dockerfile_linter.py	Not started		Medium			
143	Phase 5: API, CI/CD & AI-era Skills	Git	Git Branch Cleanup Helper	Write a script that lists local git branches merged into main and suggests delete commands. If git unavailable, parse a provided `git branch --merged` output text fixture.	FastAPI, pytest, design, refactor, CI, code review	06_ci_cd_helpers/day143_git_cleanup.py	Not started		Easy			
144	Phase 5: API, CI/CD & AI-era Skills	Ops	SLO Burn Rate Calculator	Given SLO target (e.g., 99.9%), window size, and error count, compute burn rate. Output burn rate and whether it breaches thresholds (1x, 2x, 5x). Include examples.	FastAPI, pytest, design, refactor, CI, code review	07_reliability_patterns/day144_slo_burn_rate.py	Not started		Medium			
145	Phase 5: API, CI/CD & AI-era Skills	K8s	kubectl Output Parser (pods)	Given `kubectl get pods -o wide` output (text fixture), parse into structured list with: name, ready, status, restarts, age, node. Output top 5 pods by restarts and flag CrashLoopBackOff.	FastAPI, pytest, design, refactor, CI, code review	04_automation_patterns/day145_kubectl_pods_parser.py	Not started		Medium			
146	Phase 5: API, CI/CD & AI-era Skills	EKS	EKS Nodegroup Cost Estimator (toy)	Given nodegroup config: instance_type, desired/min/max, on_demand_price_per_hour (provided), estimate monthly cost for desired and max. Output table and recommendation.	FastAPI, pytest, design, refactor, CI, code review	05_aws_boto3/day146_eks_nodegroup_cost.py	Not started		Medium			
147	Phase 5: API, CI/CD & AI-era Skills	AI-era	Prompt-to-Code Validation Checklist	Write CHECKLIST.md that you will use when you copy AI code: - security checks - input validation - error handling - logging - tests Include 20 items and short explanations.	FastAPI, pytest, design, refactor, CI, code review	10_final_projects/day147_ai_checklist/CHECKLIST.md	Not started		Easy			
148	Phase 5: API, CI/CD & AI-era Skills	Testing	Property-based testing (optional)	Use hypothesis (if you want) OR write your own random tests to validate: - encode/decode token roundtrip - dedupe_preserve correctness - redact secrets never leaks original tokens Document approach in TEST_STRATEGY.md.	FastAPI, pytest, design, refactor, CI, code review	03_cli_tools/day148_property_tests/	Not started		Hard			
149	Phase 5: API, CI/CD & AI-era Skills	Refactor	Monorepo tool index	Create a top-level CLI `toolbox.py` that lists available tools and routes to them (like a dispatcher). It should print help, show examples, and allow `python toolbox.py <tool> ...`.	FastAPI, pytest, design, refactor, CI, code review	10_final_projects/day149_toolbox_dispatcher/	Not started		Hard			
150	Phase 5: API, CI/CD & AI-era Skills	Finalize	Tag a v1.0 Release Candidate	Create RELEASE.md describing v1.0 scope, how to run CI, how to run the API service, and what’s coming next. Optionally create a git tag locally (document steps).	FastAPI, pytest, design, refactor, CI, code review	10_final_projects/day150_release/RELEASE.md	Not started		Easy			